<?xml version="1.0" encoding="UTF-8"?>
<beans xmlns="http://www.springframework.org/schema/beans"
       xmlns:mvc="http://www.springframework.org/schema/mvc"
       xmlns:xsi="http://www.w3.org/2001/XMLSchema-instance"
       xmlns:context="http://www.springframework.org/schema/context"
       xsi:schemaLocation="
		http://www.springframework.org/schema/beans
    	http://www.springframework.org/schema/beans/spring-beans.xsd
    	http://www.springframework.org/schema/context
    	http://www.springframework.org/schema/context/spring-context.xsd
    	http://www.springframework.org/schema/mvc
    	http://www.springframework.org/schema/mvc/spring-mvc.xsd">

    <!--开启注解驱动-->
    <mvc:annotation-driven/>

    <!--扫描注解所在的包-->
    <context:component-scan base-package="cn.huangjs"/>

    <!--视图解析器的配置-->
    <bean class="org.springframework.web.servlet.view.InternalResourceViewResolver">
        <property name="prefix" value="/WEB-INF/pages/"/>
        <property name="suffix" value=".jsp"/>
    </bean>

    <!--<mvc:interceptors>-->
        <!--<bean class="cn.huangjsngjs.controller.interceptor.ExceptionInterceptor"></bean>-->
    <!--</mvc:interceptors>-->


    <!--静态资源映射，让页面引用外部资源文件-->
    <!--表示/WEB-INF/css/目录下的文件可以用/library/css/**路径范根-->
    <mvc:resources mapping="/library/css/**" location="/WEB-INF/css/"/>
    <mvc:resources mapping="/library/api/**" location="/WEB-INF/api/"/>
    <mvc:resources mapping="/library/images/**" location="/WEB-INF/images/"/>
    <mvc:resources mapping="/library/js/**" location="/WEB-INF/js/"/>
    <mvc:resources mapping="/library/lib/**" location="/WEB-INF/lib/"/>


</beans>