<?xml version="1.0" encoding="UTF-8" ?>
<!DOCTYPE mapper
        PUBLIC "-//mybatis.org//DTD Mapper 3.0//EN"
        "http://mybatis.org/dtd/mybatis-3-mapper.dtd">

<mapper namespace="cn.huangjs.dao.AdminDao">

    <!--1.查询所有管理员-->
    <select id="getAllAdmin" resultType="cn.huangjs.pojo.Admin">
        select * from admin
    </select>

    <!--2.根据用户名和密码查询管理员-->
    <select id="getAdminByUserNameAndPassword" resultType="cn.huangjs.pojo.Admin">
        select * from admin where username = #{username} and password = #{password} and adminType=#{adminType}
    </select>

    <!--3.删除管理员:多个或者一个-->
    <delete id="deleteAdmin" parameterType="list">
        delete from admin where id in
        <foreach collection="list" open="(" separator="," close=")" item="id">
            #{id}
        </foreach>
    </delete>


    <!--4.添加一个管理员-->
    <insert id="addAdmin" parameterType="cn.huangjs.pojo.Admin">
        insert into admin(username,password,adminType) values (#{username},#{password},#{adminType})
    </insert>

    <select id="findAdminById" parameterType="int" resultType="cn.huangjs.pojo.Admin">
        select * from admin where id=#{id}
    </select>


    <!--5.修改管理员密码-->
    <update id="updateAdminPassword" >
        update admin set password = #{newpassword} where id=#{id}
    </update>

    <!--6.条件搜索管理员-->
    <select id="searchAdmin" resultType="cn.huangjs.pojo.Admin">
        select * from admin where 1=1
        <if test="username!=null">
            and username = #{username}
        </if>
        <if test="adminType!=null">
            and adminType=#{adminType}
        </if>
    </select>

</mapper>