<?xml version="1.0" encoding="UTF-8" ?>
<!DOCTYPE mapper
        PUBLIC "-//mybatis.org//DTD Mapper 3.0//EN"
        "http://mybatis.org/dtd/mybatis-3-mapper.dtd">

<mapper namespace="cn.huangjs.dao.BookDao">

    <resultMap id="getBookAll" type="cn.huangjs.pojo.Book">
        <id property="id" column="id"></id>
        <result property="name" column="name"></result>
        <result property="author" column="author"></result>
        <result property="publish" column="publish"></result>
        <result property="isbn" column="isbn"></result>
        <result property="introduction" column="introduction"></result>
        <result property="language" column="language"></result>
        <result property="price" column="price"></result>
        <result property="pubDate" column="publish_date"></result>
        <result property="typeId" column="type_id"></result>
        <result property="status" column="status"></result>
        <association property="typeInfo" javaType="cn.huangjs.pojo.TypeInfo" >
            <id property="id" column="tid"></id>
            <result property="name" column="tname"></result>
            <result property="remarks" column="tremarks"></result>
        </association>

    </resultMap>

    <select id="selectByConditionAndStatus" resultMap="getBookAll">
        SELECT
        b.`id`,
        b.`name`,
        b.`author`,
        b.`publish`,
        b.`isbn`,
        b.`introduction`,
        b.`language`,
        b.`price`,
        b.`publish_date`,
        b.`type_id`,
        b.`status`,
        t.`id` as tid,
        t.`name` as tname,
        t.`remarks` as tremarks
        FROM book_info AS b, type_info AS t
        WHERE 1 = 1
        and b.`type_id` = t.`id` and status = #{status}
        <if test="name != ''">
            and b.name like concat ("%", #{name}, "%")
        </if>
        <if test="isbn != null">
            and b.isbn like concat ("%", #{isbn}, "%")
        </if>
        <if test="typeId != null">
            and b.type_id like concat ("%", #{typeId}, "%")
        </if>

    </select>

    <select id="selectByCondition" resultMap="getBookAll">
        SELECT
        b.`id`,
        b.`name`,
        b.`author`,
        b.`publish`,
        b.`isbn`,
        b.`introduction`,
        b.`language`,
        b.`price`,
        b.`publish_date`,
        b.`type_id`,
        b.`status`,
        t.`id` as tid,
        t.`name` as tname,
        t.`remarks` as tremarks
        FROM book_info AS b, type_info AS t
        WHERE 1 = 1
        and b.`type_id` = t.`id`
        <if test="name != ''">
            and b.name like concat ("%", #{name}, "%")
        </if>
        <if test="isbn != null">
            and b.isbn like concat ("%", #{isbn}, "%")
        </if>
        <if test="typeId != null">
            and b.type_id like concat ("%", #{typeId}, "%")
        </if>
    </select>


    <select id="getBookAll" resultMap="getBookAll">
        select * from book_info
    </select>

    <select id="getBookTypes" resultType="cn.huangjs.pojo.TypeInfo">
         select * from type_info
    </select>

    <insert id="addBook" parameterType="cn.huangjs.pojo.Book">
        insert into book_info values(
          null,
          #{name},
          #{author},
          #{publish},
          #{isbn},
          #{introduction},
          #{language},
          #{price},
          #{pubDate},
          #{typeId},
          #{status}
        )
    </insert>

    <select id="getById" resultMap="getBookAll">
        SELECT
        b.`id`,
        b.`name`,
        b.`author`,
        b.`publish`,
        b.`isbn`,
        b.`introduction`,
        b.`language`,
        b.`price`,
        b.`publish_date`,
        b.`type_id`,
        b.`status`,
        t.`id` as tid,
        t.`name` as tname,
        t.`remarks` as tremarks
        FROM book_info AS b, type_info AS t
        WHERE 1 = 1
        and b.`type_id` = t.`id` and b.`id` = #{id}

    </select>

    <select id="queryById" resultType="cn.huangjs.pojo.Book">
        select * from book_info where id = #{id}
    </select>

    <update id="updateBook" parameterType="cn.huangjs.pojo.Book">
      update book_info set
        name = #{name},
        author = #{author},
        publish = #{publish},
        isbn = #{isbn},
        introduction = #{introduction},
        language = #{language},
        price = #{price},
        publish_date = #{pubDate},
        type_id = #{typeId}
      where id = #{id}
    </update>

    <delete id="deleteById" parameterType="java.lang.Integer">
        delete from book_info where id = #{id}
    </delete>

    <delete id="deleteByIds" parameterType="java.util.List">
        delete from book_info where 1 = 1
        and id in
        <foreach collection="list" item="item" open="(" separator="," close=")">
            #{item}
        </foreach>
    </delete>

</mapper>