<?xml version="1.0" encoding="UTF-8" ?>
<!DOCTYPE mapper
        PUBLIC "-//mybatis.org//DTD Mapper 3.0//EN"
        "http://mybatis.org/dtd/mybatis-3-mapper.dtd">

<mapper namespace="cn.huangjs.dao.LendDao">

    <resultMap id="lend" type="cn.huangjs.pojo.Lend">
        <id property="id" column="lid"></id>
        <result property="bookId" column="bookId"></result>
        <result property="readerId" column="readerId"></result>
        <result property="lendDate" column="lendDate"></result>
        <result property="backDate" column="backDate"></result>
        <result property="backType" column="backType"></result>
        <result property="exceptRemarks" column="exceptRemarks"></result>
        <association property="book" javaType="cn.huangjs.pojo.Book">
            <id property="id" column="bid"></id>
            <result property="name" column="name"></result>
            <result property="author" column="author"></result>
            <result property="publish" column="publish"></result>
            <result property="isbn" column="isbn"></result>
            <result property="introduction" column="introduction"></result>
            <result property="language" column="language"></result>
            <result property="price" column="price"></result>
            <result property="pubDate" column="publish_date"></result>
            <result property="typeId" column="type_id"></result>
            <result property="status" column="status"></result>
        </association>
        <association property="reader" javaType="cn.huangjs.pojo.Reader">
            <id property="id" column="rid"></id>
            <result property="username" column="username"></result>
            <result property="password" column="password"></result>
            <result property="realName" column="realName"></result>
            <result property="sex" column="sex"></result>
            <result property="birthday" column="birthday"></result>
            <result property="address" column="address"></result>
            <result property="tel" column="tel"></result>
            <result property="email" column="email"></result>
            <result property="registerDate" column="registerDate"></result>
            <result property="readerNumber" column="readerNumber"></result>
        </association>
    </resultMap>

    <select id="selectByCondition" resultMap="lend">

        select
        lend_list.id as lid, bookId, readerId, lendDate, backDate, backType, exceptRemarks,
        book_info.id as bid, name, author, publish, isbn, introduction, language, price, publish_date, type_id, status,
        reader_info.id as rid, username, password, realName, sex, birthday, address, tel, email, registerDate,
        readerNumber
        from lend_list, book_info, reader_info
        where 1 = 1
        and readerId = reader_info.`id` AND bookId = book_info.`id`
        <if test="name != null || name != ''">
            and book_info.name like concat ("%", #{name}, "%")
        </if>
        <if test="readerNumber != null || readerNumber != ''">
            and reader_info.readerNumber like concat ("%", #{readerNumber}, "%")
        </if>
        <if test="status != null">
            and book_info.status like concat ("%", #{status}, "%")
        </if>


    </select>

    <select id="selectByReaderNumber" resultType="cn.huangjs.pojo.Reader">
        select * from reader_info where readerNumber = #{readerNumber}
    </select>

    <insert id="addLend" parameterType="cn.huangjs.pojo.Lend">
        insert into lend_list values(null, #{bookId}, #{readerId}, #{lendDate}, null, #{backType}, null);
    </insert>

    <update id="updateStatusByList" parameterType="java.util.List">
        update book_info set status = #{status}
        where 1 = 1
        and id in
        <foreach collection="list" item="item" open="(" separator="," close=")">
            #{item}
        </foreach>
    </update>

    <delete id="deleteByIds" parameterType="java.util.List">
        delete from lend_list where 1 = 1
        and id in
        <foreach collection="ids" item="item" open="(" separator="," close=")">
            #{item}
        </foreach>
        and bookId in
        <foreach collection="bookIds" item="item" open="(" separator="," close=")">
            #{item}
        </foreach>
    </delete>

    <update id="updateBackType" parameterType="cn.huangjs.pojo.Lend">
        update lend_list set backType = #{backType}, backDate = #{backDate}
        where 1 = 1 and id = #{id}
    </update>

    <select id="selectById" resultType="cn.huangjs.pojo.Lend">
        select * from lend_list where id = #{id}
    </select>

    <update id="updateLendInfo" parameterType="cn.huangjs.pojo.Lend">
        update lend_list set backDate = #{backDate}, backType = #{backType}, exceptRemarks = #{exceptRemarks}
        where id = #{id}
    </update>

    <select id="selectByIdAndBookAndReader" resultType="cn.huangjs.pojo.Lend">
      select * from lend_list, book_info, reader_info where lend_list.id = #{id}
    </select>

    <select id="selectByBookId" resultMap="lend">
        select
          lend_list.id as lid, bookId, readerId, lendDate, backDate, backType, exceptRemarks,
          book_info.id as bid, name, author, publish, isbn, introduction, language, price, publish_date, type_id, status,
          reader_info.id as rid, username, password, realName, sex, birthday, address, tel, email, registerDate, readerNumber
        from lend_list, book_info, reader_info
        WHERE book_info.`id` = lend_list.`bookId` AND reader_info.`id` = lend_list.`readerId` AND lend_list.bookId = #{id};
    </select>

    <select id="selectByReaderId" resultMap="lend">
        select
          lend_list.id as lid, bookId, readerId, lendDate, backDate, backType, exceptRemarks,
          book_info.id as bid, name, author, publish, isbn, introduction, language, price, publish_date, type_id, status,
          reader_info.id as rid, username, password, realName, sex, birthday, address, tel, email, registerDate, readerNumber
        from lend_list, book_info, reader_info
        WHERE book_info.`id` = lend_list.`bookId` AND reader_info.`id` = lend_list.`readerId` AND lend_list.readerId = #{id};
    </select>

    <update id="updateStatus" parameterType="java.lang.Integer">
        update book_info set status = #{status} where id = #{id}
    </update>


</mapper>