<?xml version="1.0" encoding="UTF-8" ?>
<!DOCTYPE mapper
        PUBLIC "-//mybatis.org//DTD Mapper 3.0//EN"
        "http://mybatis.org/dtd/mybatis-3-mapper.dtd">

<mapper namespace="cn.huangjs.dao.NoticeDao">

    <select id="selectByCondition" resultType="cn.huangjs.pojo.Notice">
        select * from notice where 1 = 1
        <if test="topic != ''">
            and topic like concat ("%", #{topic}, "%")
        </if>
    </select>

    <insert id="addNotice" parameterType="cn.huangjs.pojo.Notice">
        insert into notice values(null, #{topic}, #{content}, #{author}, null)
    </insert>

    <select id="selectById" resultType="cn.huangjs.pojo.Notice">
        select * from notice where id = #{id}
    </select>

    <update id="update" parameterType="cn.huangjs.pojo.Notice">
        update notice set
          topic = #{topic},
          content = #{content},
          author = #{author},
          createDate = #{createDate}
        where id = #{id}
    </update>

    <delete id="deleteByIds" parameterType="java.util.List">
        delete from notice where 1 = 1
        and id in
        <foreach collection="list" item="item" open="(" separator="," close=")">
            #{item}
        </foreach>
    </delete>

    <select id="selectNoticeList" resultType="cn.huangjs.pojo.Notice">
        select * from notice
    </select>


</mapper>