<?xml version="1.0" encoding="UTF-8" ?>
<!DOCTYPE mapper
        PUBLIC "-//mybatis.org//DTD Mapper 3.0//EN"
        "http://mybatis.org/dtd/mybatis-3-mapper.dtd">

<mapper namespace="cn.huangjs.dao.ReaderDao">


    <select id="selectByCondition" resultType="cn.huangjs.pojo.Reader">
        select * from reader_info where 1 = 1
        <if test="readerNumber != ''">
            and readerNumber like concat ("%", #{readerNumber}, "%")
        </if>
        <if test="username != null">
            and username like concat ("%", #{username}, "%")
        </if>
        <if test="tel != null">
            and tel like concat ("%", #{tel}, "%")
        </if>
    </select>

    <insert id="saveReader" parameterType="cn.huangjs.pojo.Reader">
        insert into reader_info values(
          null,
          #{username},
          null,
          #{realName},
          #{sex},
          #{birthday},
          null,
          #{tel},
          #{email},
          null,
          #{readerNumber}
        )
    </insert>

    <select id="getById" resultType="cn.huangjs.pojo.Reader">
        select * from reader_info where id = #{id}
    </select>

    <update id="update" parameterType="cn.huangjs.pojo.Reader">
        update reader_info set
          username = #{username},
          realName = #{realName},
          sex = #{sex},
          birthday = #{birthday},
          tel = #{tel},
          email = #{email},
          readerNumber = #{readerNumber}
        where id = #{id}
    </update>

    <delete id="deleteReaders" parameterType="java.util.List">
    delete from reader_info where 1 = 1
    and id in
    <foreach collection="list" item="item" open="(" separator="," close=")">
    #{item}
    </foreach>
    </delete>

</mapper>