<?xml version="1.0" encoding="UTF-8" ?>
<!DOCTYPE mapper
        PUBLIC "-//mybatis.org//DTD Mapper 3.0//EN"
        "http://mybatis.org/dtd/mybatis-3-mapper.dtd">

<mapper namespace="cn.huangjs.dao.TypeDao">

    <select id="getAll" resultType="cn.huangjs.pojo.TypeInfo">
        select * from type_info where 1 = 1
        <if test="name != ''">
            and name like concat ("%", #{name}, "%")
        </if>
    </select>

    <insert id="addType" parameterType="cn.huangjs.pojo.TypeInfo">
        insert into type_info values(null, #{name}, #{remarks})
    </insert>

    <select id="selectById" resultType="cn.huangjs.pojo.TypeInfo">
        select * from type_info where id = #{id}
    </select>

    <update id="update" parameterType="cn.huangjs.pojo.TypeInfo">
        update type_info set name = #{name}, remarks = #{remarks} where id = #{id}
    </update>

    <delete id="deleteByIds" parameterType="java.util.List">
        delete from type_info where 1 = 1
        and id in
        <foreach collection="list" item="item" open="(" separator="," close=")">
            #{item}
        </foreach>
    </delete>


</mapper>